iteration	utc_time	hypothesis	change	status	hard_penetration_max_m	sole_penetration_max_m	completions	total_scenarios	freeze_seconds_max	stance_slide_max_m	score	artifact
0	2026-08-02T00:00:00Z	baseline_uses_weak_foot_center_gate	no_change	baseline_pending	NA	NA	NA	NA	NA	NA	NA	artifacts/terrain_autoresearch/baseline
1	2026-08-03T07:51:35Z	heldout_geometry_coverage_is_below_target	heldout12_fullfoot_v1	baseline_measured	0.0	0.003194237	3	12	NA	NA	3/12	artifacts/terrain_fragment_sweep/heldout12_fullfoot_v1
2	2026-08-03T08:01:42Z	audit_aware_fallback_recovers_a_safe_later_plan	reject_unsafe_candidate_and_continue	keep_correctness_no_coverage_gain	0.0	0.003194237	3	12	NA	NA	3/12	artifacts/terrain_fragment_sweep/heldout12_auditfallback_v2
3	2026-08-03T08:15:58Z	near_misses_are_only_overly_strict_internal_bounds	stance_0.006_joint_0.27	discard_no_gain	0.0	0.003194237	3	12	NA	NA	3/12	artifacts/terrain_fragment_sweep/heldout12_quality_envelope_v3
4	2026-08-03T09:20:00Z	whole_route_warp_hides_local_riser_coverage	compact_one_riser_kernels	keep_major_coverage_gain	0.0	0.004314711	57	60	NA	NA	57/60	artifacts/terrain_fragment_sweep/heldout12_riser_kernels_midpoint_v8
5	2026-08-03T09:31:00Z	global_phase_selection_removes_unsafe_kernel_seams	four_phase_beam_plus_inertialization	keep_composition_proof	0.0	0.004314711	1	1	0.0	NA	1/1	artifacts/terrain_fragment_composition/target00_phasebeam_v3
6	2026-08-03T10:05:00Z	terminal_and_high_riser_failures_are_local_windowing_problems	finite_platform_terminal_window_and_smoothed_high_riser	keep_isolated_coverage_gain	0.0	0.004314711	59	60	NA	NA	59/60	artifacts/terrain_fragment_sweep/heldout12_riser_kernels_terminal022_v9
7	2026-08-03T10:18:00Z	wide_landings_should_be_shared_by_neighbouring_stair_kernels	split_each_landing_at_its_midpoint	keep_target4_strict_pass	0.0	0.004743054	11	12	0.0	NA	11/12	artifacts/terrain_fragment_composition/heldout12_phasebeam_target04_landingsplit_longblend_v15
8	2026-08-03T10:31:49Z	high_interior_riser_requires_a_coherent_multiriser_contact_sequence	three_riser_nonboundary_tail_block	keep_full_suite_pass	0.0	0.004743054	12	12	0.0	NA	12/12	artifacts/terrain_fragment_composition/heldout12_phasebeam_final_v14
9	2026-08-03T23:50:31Z	stale_nominal_geometry_metadata_wastes_coherent_warp_candidates	exact_physical_mesh_profile_ranking	discard_no_gain	NA	0.003775343	3	12	NA	NA	3/12	artifacts/coherent_warp_coverage/heldout12_ab_v1
10	2026-08-04T00:00:00Z	motion_endpoint_routes_differ_from_whole_mesh_profiles	motion_conditioned_support_route_ranking	keep_coverage_gain	NA	0.003775343	4	12	NA	NA	4/12	artifacts/coherent_warp_coverage/heldout12_route_v2
11	2026-08-04T00:20:17Z	whole_route_coverage_is_hidden_deeper_in_the_500_clip_bank	route_ranked_candidate_limit_50	discard_no_gain	NA	0.003775343	4	12	NA	NA	4/12	artifacts/coherent_warp_coverage/heldout12_route50_v3
12	2026-08-04T00:38:16Z	whole_traversals_hide_reusable_authored_subroutes	source_contiguous_blocks_up_to_four_transitions	keep_block_coverage_gain	0.004360383	NA	11	12	NA	NA	11/12	artifacts/coherent_block_coverage/heldout12_blocks_v2
13	2026-08-04T00:54:53Z	phase_pooling_and_exact_visual_clearance_make_long_blocks_composable	four_exact_phases_plus_smooth_clearance_and_critical_seams	keep_exact_composition_gain	0.0	0.004998214	10	12	0.0	NA	10/12_direct_12/12_hierarchy	artifacts/coherent_block_composition/heldout12_phasepool_clearance_v3
14	2026-08-04T01:33:18Z	coherent_blocks_generalize_beyond_the_development_geometries	disjoint_geometry50_plus_failure_only_depth128	keep_broad_generalization_then_fallback	0.0	0.004978359	40	50	0.0	NA	40/50_direct_40/48_retrievable	artifacts/coherent_block_validation/geometry50_aggregate_deep_v2.json
15	2026-08-04T02:47:37Z	coherent_blocks_plus_compact_risers_cover_broad_geometry	bounded_clearance_consistent_hierarchy_plus_source_ceiling	keep_terrain_hierarchy	0.0	0.004978359	47	50	0.0	NA	47/50_heldout_49/50_source_covered	artifacts/coherent_block_validation/geometry50_hierarchy_aggregate_v1.json
16	2026-08-05T16:35:00Z	arbitrary_oblique_lines_can_directly_reuse_current_ramp_bank	three_leg_oblique_S_route	discard_unsupported_oblique_ramp	NA	NA	0	1	NA	NA	0/1_timeout	artifacts/generic_terrain/waypoint_routes/canary_s_left_v1
17	2026-08-05T16:41:00Z	portal_aligned_terrain_legs_plus_arbitrary_flat_curves_are_supported	dense_per_leg_generation_with_resume	discard_runtime_budget_failure	NA	NA	0	1	NA	NA	partial_slope_only_timeout	artifacts/generic_terrain/waypoint_routes/canary_portal_aligned_s_v2
18	2026-08-05T16:58:50Z	route_equivalent_accepted_primitives_can_be_rigidly_instanced	coarse_height_signature_cache_plus_resumable_waypoint_compiler	keep_route_and_portal_gain	0.0	0.002779361	2	2	0.0	NA	2/2_portals_10.76m_polyline	artifacts/generic_terrain/waypoint_routes/canary_portal_aligned_s_v2/portals_v1/portal_manifest.json
19	2026-08-05T17:20:00Z	live_waypoint_feedback_can_connect_heldout_portals	capture_disk_forward_nudge_plus_committed_terrain_playback	keep_live_steering_gain	0.0	0.002779361	2	2	0.0	NA	2/2_portals_2.95cm_path_rmse	artifacts/generic_terrain/waypoint_routes/canary_portal_aligned_s_v2/live_rollout_seed17_v4_forward_nudge
20	2026-08-05T17:32:39Z	preserving_exit_tangent_or_changing_exit_mode_removes_reacquisition_crouch	tangent_resume_then_walk_mode_hysteresis	discard_no_visual_gain	0.0	0.002779361	2	2	0.0	NA	2/2_but_5.38cm_path_rmse_and_crouch_remains	artifacts/generic_terrain/waypoint_routes/canary_portal_aligned_s_v2/live_rollout_seed17_v6_exit_mode_hysteresis
21	2026-08-05T18:05:37Z	elevated_world_z_is_out_of_distribution_for_flat_motionbricks_continuation	normalize_context_to_local_support_height_and_restore_generated_root_once	keep_exit_seam_gain	0.0	0.002779361	2	2	0.0	NA	2/2_portals_1.56cm_max_exit_drop	artifacts/generic_terrain/waypoint_routes/canary_portal_aligned_s_v2/live_rollout_seed17_v9_support_once_move
22	2026-08-05T21:15:00Z	entry_only_portals_plus_phase_matched_live_exits_scale_to_mixed_terrain	discard_conditioning_replay_and_project_live_root_to_exact_sole_support	keep_five_event_live_terrain_gain	0.0	0.004209060	5	5	0.0	NA	5/5_portals_4.24cm_path_rmse	artifacts/generic_terrain/waypoint_routes/mixed_gauntlet_v1/live_rollout_seed17_v8_exact_clearance
